target_D,series_code,x,y,count,marker_size,aggregate_sha256
0.5,0,1.4125375446227553e-12,5.6234132519034844e-06,1,0.42999999999999999,0ddebd4915dd2e264e24b7b25047d24f86c3cdf63930a1e6df77585e0b97de02
0.5,0,2.8183829312644549e-12,5.6234132519034844e-06,2,0.5045584412271571,0ddebd4915dd2e264e24b7b25047d24f86c3cdf63930a1e6df77585e0b97de02
0.5,0,5.6234132519034904e-12,1.1220184543019617e-05,3,0.56176914536239786,0ddebd4915dd2e264e24b7b25047d24f86c3cdf63930a1e6df77585e0b97de02
0.5,0,1.1220184543019629e-11,1.1220184543019617e-05,2,0.5045584412271571,0ddebd4915dd2e264e24b7b25047d24f86c3cdf63930a1e6df77585e0b97de02
0.5,0,1.1220184543019629e-11,2.2387211385683376e-05,1,0.42999999999999999,0ddebd4915dd2e264e24b7b25047d24f86c3cdf63930a1e6df77585e0b97de02
0.5,0,2.2387211385683377e-11,2.2387211385683376e-05,6,0.69090815370097203,0ddebd4915dd2e264e24b7b25047d24f86c3cdf63930a1e6df77585e0b97de02
0.5,0,4.4668359215096346e-11,2.2387211385683376e-05,5,0.65249223594996208,0ddebd4915dd2e264e24b7b25047d24f86c3cdf63930a1e6df77585e0b97de02
0.5,0,4.4668359215096346e-11,4.4668359215096301e-05,2,0.5045584412271571,0ddebd4915dd2e264e24b7b25047d24f86c3cdf63930a1e6df77585e0b97de02
0.5,0,8.9125093813374591e-11,4.4668359215096301e-05,13,0.89899922958351797,0ddebd4915dd2e264e24b7b25047d24f86c3cdf63930a1e6df77585e0b97de02
0.5,0,8.9125093813374591e-11,8.9125093813374493e-05,2,0.5045584412271571,0ddebd4915dd2e264e24b7b25047d24f86c3cdf63930a1e6df77585e0b97de02
0.5,0,1.7782794100389229e-10,4.4668359215096301e-05,7,0.72623523599162632,0ddebd4915dd2e264e24b7b25047d24f86c3cdf63930a1e6df77585e0b97de02
0.5,0,1.7782794100389229e-10,8.9125093813374493e-05,6,0.69090815370097203,0ddebd4915dd2e264e24b7b25047d24f86c3cdf63930a1e6df77585e0b97de02
0.5,0,3.5481338923357528e-10,8.9125093813374493e-05,11,0.84699246226397196,0ddebd4915dd2e264e24b7b25047d24f86c3cdf63930a1e6df77585e0b97de02
0.5,0,3.5481338923357528e-10,0.00017782794100389227,5,0.65249223594996208,0ddebd4915dd2e264e24b7b25047d24f86c3cdf63930a1e6df77585e0b97de02
0.5,0,7.0794578438413732e-10,8.9125093813374493e-05,6,0.69090815370097203,0ddebd4915dd2e264e24b7b25047d24f86c3cdf63930a1e6df77585e0b97de02
0.5,0,7.0794578438413732e-10,0.00017782794100389227,13,0.89899922958351797,0ddebd4915dd2e264e24b7b25047d24f86c3cdf63930a1e6df77585e0b97de02
0.5,0,1.4125375446227555e-09,0.00017782794100389227,18,1.0136753236814713,0ddebd4915dd2e264e24b7b25047d24f86c3cdf63930a1e6df77585e0b97de02
0.5,0,1.4125375446227555e-09,0.00035481338923357532,8,0.75911688245431419,0ddebd4915dd2e264e24b7b25047d24f86c3cdf63930a1e6df77585e0b97de02
0.5,0,2.8183829312644547e-09,0.00017782794100389227,15,0.947137002317335,0ddebd4915dd2e264e24b7b25047d24f86c3cdf63930a1e6df77585e0b97de02
0.5,0,2.8183829312644547e-09,0.00035481338923357532,32,1.2682337649086284,0ddebd4915dd2e264e24b7b25047d24f86c3cdf63930a1e6df77585e0b97de02
0.5,0,2.8183829312644547e-09,0.00070794578438413737,2,0.5045584412271571,0ddebd4915dd2e264e24b7b25047d24f86c3cdf63930a1e6df77585e0b97de02
0.5,0,5.623413251903491e-09,0.00035481338923357532,40,1.3884199576606167,0ddebd4915dd2e264e24b7b25047d24f86c3cdf63930a1e6df77585e0b97de02
0.5,0,5.623413251903491e-09,0.00070794578438413737,26,1.1678235124467011,0ddebd4915dd2e264e24b7b25047d24f86c3cdf63930a1e6df77585e0b97de02
0.5,0,5.623413251903491e-09,0.0014125375446227524,1,0.42999999999999999,0ddebd4915dd2e264e24b7b25047d24f86c3cdf63930a1e6df77585e0b97de02
0.5,0,1.122018454301964e-08,0.00035481338923357532,12,0.87353829072479572,0ddebd4915dd2e264e24b7b25047d24f86c3cdf63930a1e6df77585e0b97de02
0.5,0,1.122018454301964e-08,0.00070794578438413737,70,1.7559880477613359,0ddebd4915dd2e264e24b7b25047d24f86c3cdf63930a1e6df77585e0b97de02
0.5,0,1.122018454301964e-08,0.0014125375446227524,20,1.0549844718999242,0ddebd4915dd2e264e24b7b25047d24f86c3cdf63930a1e6df77585e0b97de02
0.5,0,2.2387211385683401e-08,0.00070794578438413737,45,1.4574767078498865,0ddebd4915dd2e264e24b7b25047d24f86c3cdf63930a1e6df77585e0b97de02
0.5,0,2.2387211385683401e-08,0.0014125375446227524,73,1.7879206741571554,0ddebd4915dd2e264e24b7b25047d24f86c3cdf63930a1e6df77585e0b97de02
0.5,0,2.2387211385683401e-08,0.0028183829312644492,14,0.92349832961930944,0ddebd4915dd2e264e24b7b25047d24f86c3cdf63930a1e6df77585e0b97de02
0.5,0,2.2387211385683401e-08,0.089125093813374398,154,2.4837412562783543,0ddebd4915dd2e264e24b7b25047d24f86c3cdf63930a1e6df77585e0b97de02
0.5,0,4.46683592150963e-08,0.00070794578438413737,1,0.42999999999999999,0ddebd4915dd2e264e24b7b25047d24f86c3cdf63930a1e6df77585e0b97de02
0.5,0,4.46683592150963e-08,0.0014125375446227524,82,1.8799693248647351,0ddebd4915dd2e264e24b7b25047d24f86c3cdf63930a1e6df77585e0b97de02
0.5,0,4.46683592150963e-08,0.0028183829312644492,95,2.0044229820656132,0ddebd4915dd2e264e24b7b25047d24f86c3cdf63930a1e6df77585e0b97de02
0.5,0,4.46683592150963e-08,0.0056234132519034901,19,1.0346018098373213,0ddebd4915dd2e264e24b7b25047d24f86c3cdf63930a1e6df77585e0b97de02
0.5,0,4.46683592150963e-08,0.011220184543019629,1,0.42999999999999999,0ddebd4915dd2e264e24b7b25047d24f86c3cdf63930a1e6df77585e0b97de02
0.5,0,4.46683592150963e-08,0.044668359215096258,31,1.2521975853094038,0ddebd4915dd2e264e24b7b25047d24f86c3cdf63930a1e6df77585e0b97de02
0.5,0,4.46683592150963e-08,0.089125093813374398,19499,2.5,0ddebd4915dd2e264e24b7b25047d24f86c3cdf63930a1e6df77585e0b97de02
0.5,0,8.9125093813374497e-08,0.0014125375446227524,25,1.1499999999999999,0ddebd4915dd2e264e24b7b25047d24f86c3cdf63930a1e6df77585e0b97de02
0.5,0,8.9125093813374497e-08,0.0028183829312644492,140,2.3797887219158618,0ddebd4915dd2e264e24b7b25047d24f86c3cdf63930a1e6df77585e0b97de02
0.5,0,8.9125093813374497e-08,0.0056234132519034901,116,2.188659330568421,0ddebd4915dd2e264e24b7b25047d24f86c3cdf63930a1e6df77585e0b97de02
0.5,0,8.9125093813374497e-08,0.011220184543019629,26,1.1678235124467011,0ddebd4915dd2e264e24b7b25047d24f86c3cdf63930a1e6df77585e0b97de02
0.5,0,8.9125093813374497e-08,0.044668359215096258,2819,2.5,0ddebd4915dd2e264e24b7b25047d24f86c3cdf63930a1e6df77585e0b97de02
0.5,0,8.9125093813374497e-08,0.089125093813374398,21496,2.5,0ddebd4915dd2e264e24b7b25047d24f86c3cdf63930a1e6df77585e0b97de02
0.5,0,8.9125093813374497e-08,0.17782794100389229,39,1.3740996397117116,0ddebd4915dd2e264e24b7b25047d24f86c3cdf63930a1e6df77585e0b97de02
0.5,0,1.7782794100389208e-07,0.0028183829312644492,56,1.5969966592386189,0ddebd4915dd2e264e24b7b25047d24f86c3cdf63930a1e6df77585e0b97de02
0.5,0,1.7782794100389208e-07,0.0056234132519034901,229,2.5,0ddebd4915dd2e264e24b7b25047d24f86c3cdf63930a1e6df77585e0b97de02
0.5,0,1.7782794100389208e-07,0.011220184543019629,203,2.5,0ddebd4915dd2e264e24b7b25047d24f86c3cdf63930a1e6df77585e0b97de02
0.5,0,1.7782794100389208e-07,0.022387211385683378,149,2.4471800108320663,0ddebd4915dd2e264e24b7b25047d24f86c3cdf63930a1e6df77585e0b97de02
0.5,0,1.7782794100389208e-07,0.044668359215096258,3738,2.5,0ddebd4915dd2e264e24b7b25047d24f86c3cdf63930a1e6df77585e0b97de02
0.5,0,1.7782794100389208e-07,0.089125093813374398,14657,2.5,0ddebd4915dd2e264e24b7b25047d24f86c3cdf63930a1e6df77585e0b97de02
0.5,0,1.7782794100389208e-07,0.17782794100389229,713,2.5,0ddebd4915dd2e264e24b7b25047d24f86c3cdf63930a1e6df77585e0b97de02
0.5,0,3.5481338923357531e-07,0.0028183829312644492,2,0.5045584412271571,0ddebd4915dd2e264e24b7b25047d24f86c3cdf63930a1e6df77585e0b97de02
0.5,0,3.5481338923357531e-07,0.0056234132519034901,125,2.2624611797498106,0ddebd4915dd2e264e24b7b25047d24f86c3cdf63930a1e6df77585e0b97de02
0.5,0,3.5481338923357531e-07,0.011220184543019629,386,2.5,0ddebd4915dd2e264e24b7b25047d24f86c3cdf63930a1e6df77585e0b97de02
0.5,0,3.5481338923357531e-07,0.022387211385683378,565,2.5,0ddebd4915dd2e264e24b7b25047d24f86c3cdf63930a1e6df77585e0b97de02
0.5,0,3.5481338923357531e-07,0.044668359215096258,1943,2.5,0ddebd4915dd2e264e24b7b25047d24f86c3cdf63930a1e6df77585e0b97de02
0.5,0,3.5481338923357531e-07,0.089125093813374398,7114,2.5,0ddebd4915dd2e264e24b7b25047d24f86c3cdf63930a1e6df77585e0b97de02
0.5,0,3.5481338923357531e-07,0.17782794100389229,1811,2.5,0ddebd4915dd2e264e24b7b25047d24f86c3cdf63930a1e6df77585e0b97de02
0.5,0,7.0794578438413801e-07,0.0056234132519034901,10,0.81920997883030833,0ddebd4915dd2e264e24b7b25047d24f86c3cdf63930a1e6df77585e0b97de02
0.5,0,7.0794578438413801e-07,0.011220184543019629,223,2.5,0ddebd4915dd2e264e24b7b25047d24f86c3cdf63930a1e6df77585e0b97de02
0.5,0,7.0794578438413801e-07,0.022387211385683378,621,2.5,0ddebd4915dd2e264e24b7b25047d24f86c3cdf63930a1e6df77585e0b97de02
0.5,0,7.0794578438413801e-07,0.044668359215096258,1250,2.5,0ddebd4915dd2e264e24b7b25047d24f86c3cdf63930a1e6df77585e0b97de02
0.5,0,7.0794578438413801e-07,0.089125093813374398,4185,2.5,0ddebd4915dd2e264e24b7b25047d24f86c3cdf63930a1e6df77585e0b97de02
0.5,0,7.0794578438413801e-07,0.17782794100389229,1895,2.5,0ddebd4915dd2e264e24b7b25047d24f86c3cdf63930a1e6df77585e0b97de02
0.5,0,1.4125375446227539e-06,0.011220184543019629,27,1.1853074360871938,0ddebd4915dd2e264e24b7b25047d24f86c3cdf63930a1e6df77585e0b97de02
0.5,0,1.4125375446227539e-06,0.022387211385683378,345,2.5,0ddebd4915dd2e264e24b7b25047d24f86c3cdf63930a1e6df77585e0b97de02
0.5,0,1.4125375446227539e-06,0.044668359215096258,612,2.5,0ddebd4915dd2e264e24b7b25047d24f86c3cdf63930a1e6df77585e0b97de02
0.5,0,1.4125375446227539e-06,0.089125093813374398,1114,2.5,0ddebd4915dd2e264e24b7b25047d24f86c3cdf63930a1e6df77585e0b97de02
0.5,0,1.4125375446227539e-06,0.17782794100389229,2,0.5045584412271571,0ddebd4915dd2e264e24b7b25047d24f86c3cdf63930a1e6df77585e0b97de02
0.5,0,2.8183829312644522e-06,0.011220184543019629,1,0.42999999999999999,0ddebd4915dd2e264e24b7b25047d24f86c3cdf63930a1e6df77585e0b97de02
0.5,0,2.8183829312644522e-06,0.022387211385683378,39,1.3740996397117116,0ddebd4915dd2e264e24b7b25047d24f86c3cdf63930a1e6df77585e0b97de02
0.5,0,2.8183829312644522e-06,0.044668359215096258,247,2.5,0ddebd4915dd2e264e24b7b25047d24f86c3cdf63930a1e6df77585e0b97de02
0.5,0,2.8183829312644522e-06,0.089125093813374398,65,1.7012063946937388,0ddebd4915dd2e264e24b7b25047d24f86c3cdf63930a1e6df77585e0b97de02
0.5,0,5.6234132519034844e-06,0.044668359215096258,17,0.99215901261117889,0ddebd4915dd2e264e24b7b25047d24f86c3cdf63930a1e6df77585e0b97de02
0.5,1,2.2387211385683401e-08,2.2387211385683401e-08,1,0.42999999999999999,0ddebd4915dd2e264e24b7b25047d24f86c3cdf63930a1e6df77585e0b97de02
0.5,1,2.2387211385683401e-08,4.46683592150963e-08,12,0.87353829072479572,0ddebd4915dd2e264e24b7b25047d24f86c3cdf63930a1e6df77585e0b97de02
0.5,1,4.46683592150963e-08,4.46683592150963e-08,959,2.5,0ddebd4915dd2e264e24b7b25047d24f86c3cdf63930a1e6df77585e0b97de02
0.5,1,4.46683592150963e-08,8.9125093813374497e-08,1028,2.5,0ddebd4915dd2e264e24b7b25047d24f86c3cdf63930a1e6df77585e0b97de02
0.5,1,8.9125093813374497e-08,8.9125093813374497e-08,1814,2.5,0ddebd4915dd2e264e24b7b25047d24f86c3cdf63930a1e6df77585e0b97de02
0.5,1,8.9125093813374497e-08,1.7782794100389208e-07,666,2.5,0ddebd4915dd2e264e24b7b25047d24f86c3cdf63930a1e6df77585e0b97de02
0.5,1,1.7782794100389208e-07,1.7782794100389208e-07,1466,2.5,0ddebd4915dd2e264e24b7b25047d24f86c3cdf63930a1e6df77585e0b97de02
0.5,1,1.7782794100389208e-07,3.5481338923357531e-07,515,2.5,0ddebd4915dd2e264e24b7b25047d24f86c3cdf63930a1e6df77585e0b97de02
0.5,1,3.5481338923357531e-07,3.5481338923357531e-07,841,2.5,0ddebd4915dd2e264e24b7b25047d24f86c3cdf63930a1e6df77585e0b97de02
0.5,1,3.5481338923357531e-07,7.0794578438413801e-07,369,2.5,0ddebd4915dd2e264e24b7b25047d24f86c3cdf63930a1e6df77585e0b97de02
0.5,1,7.0794578438413801e-07,7.0794578438413801e-07,722,2.5,0ddebd4915dd2e264e24b7b25047d24f86c3cdf63930a1e6df77585e0b97de02
0.5,1,7.0794578438413801e-07,1.4125375446227539e-06,111,2.1464176755134927,0ddebd4915dd2e264e24b7b25047d24f86c3cdf63930a1e6df77585e0b97de02
0.5,1,1.4125375446227539e-06,1.4125375446227539e-06,204,2.5,0ddebd4915dd2e264e24b7b25047d24f86c3cdf63930a1e6df77585e0b97de02
0.5,1,1.4125375446227539e-06,2.8183829312644522e-06,7,0.72623523599162632,0ddebd4915dd2e264e24b7b25047d24f86c3cdf63930a1e6df77585e0b97de02
0.5,1,2.8183829312644522e-06,2.8183829312644522e-06,34,1.2995713410721541,0ddebd4915dd2e264e24b7b25047d24f86c3cdf63930a1e6df77585e0b97de02
0.5,1,5.6234132519034844e-06,5.6234132519034844e-06,1,0.42999999999999999,0ddebd4915dd2e264e24b7b25047d24f86c3cdf63930a1e6df77585e0b97de02
