target_D,horizon,method,method_index,round,mean,ci_low,ci_high,aggregate_sha256
0.25,1000,transport_hessian,0,1,0.20563867121313714,0.16944850707045223,0.24192099934964301,0ddebd4915dd2e264e24b7b25047d24f86c3cdf63930a1e6df77585e0b97de02
0.25,1000,transport_hessian,0,10,1.7796079843711079,1.7101863809512667,1.848848959004793,0ddebd4915dd2e264e24b7b25047d24f86c3cdf63930a1e6df77585e0b97de02
0.25,1000,transport_hessian,0,20,3.608909490463879,3.5139178107194238,3.7068998637330863,0ddebd4915dd2e264e24b7b25047d24f86c3cdf63930a1e6df77585e0b97de02
0.25,1000,transport_hessian,0,30,5.3718024344816486,5.2561271336962072,5.4867241642445252,0ddebd4915dd2e264e24b7b25047d24f86c3cdf63930a1e6df77585e0b97de02
0.25,1000,transport_hessian,0,40,6.8603160889247201,6.7163039524279666,7.0040853438170032,0ddebd4915dd2e264e24b7b25047d24f86c3cdf63930a1e6df77585e0b97de02
0.25,1000,transport_hessian,0,50,8.2710181021211771,8.1356431210006814,8.4050889377390181,0ddebd4915dd2e264e24b7b25047d24f86c3cdf63930a1e6df77585e0b97de02
0.25,1000,transport_hessian,0,60,9.5363396922229242,9.3673042243516633,9.7084863461272288,0ddebd4915dd2e264e24b7b25047d24f86c3cdf63930a1e6df77585e0b97de02
0.25,1000,transport_hessian,0,70,10.846841576141772,10.642945206437988,11.053800918716556,0ddebd4915dd2e264e24b7b25047d24f86c3cdf63930a1e6df77585e0b97de02
0.25,1000,transport_hessian,0,80,12.123307670580575,11.941299306273875,12.310108665407464,0ddebd4915dd2e264e24b7b25047d24f86c3cdf63930a1e6df77585e0b97de02
0.25,1000,transport_hessian,0,90,13.314762291692691,13.149228433926629,13.4778625733552,0ddebd4915dd2e264e24b7b25047d24f86c3cdf63930a1e6df77585e0b97de02
0.25,1000,transport_hessian,0,100,14.604146496069667,14.402479506505125,14.805317662902619,0ddebd4915dd2e264e24b7b25047d24f86c3cdf63930a1e6df77585e0b97de02
0.25,1000,transport_hessian,0,110,15.762006835996344,15.550472452792715,15.97366129471015,0ddebd4915dd2e264e24b7b25047d24f86c3cdf63930a1e6df77585e0b97de02
0.25,1000,transport_hessian,0,120,16.90449941789073,16.686293872276366,17.132137173022041,0ddebd4915dd2e264e24b7b25047d24f86c3cdf63930a1e6df77585e0b97de02
0.25,1000,transport_hessian,0,130,18.058341235562828,17.80907596215668,18.318030019703354,0ddebd4915dd2e264e24b7b25047d24f86c3cdf63930a1e6df77585e0b97de02
0.25,1000,transport_hessian,0,140,19.076159395143044,18.815018060006572,19.345064783243021,0ddebd4915dd2e264e24b7b25047d24f86c3cdf63930a1e6df77585e0b97de02
0.25,1000,transport_hessian,0,150,20.10392232862803,19.823655179985,20.40337538262245,0ddebd4915dd2e264e24b7b25047d24f86c3cdf63930a1e6df77585e0b97de02
0.25,1000,transport_hessian,0,160,21.191723550532505,20.883247952581058,21.520596546112156,0ddebd4915dd2e264e24b7b25047d24f86c3cdf63930a1e6df77585e0b97de02
0.25,1000,transport_hessian,0,170,22.252789356455455,21.898802521516537,22.614702879312439,0ddebd4915dd2e264e24b7b25047d24f86c3cdf63930a1e6df77585e0b97de02
0.25,1000,transport_hessian,0,180,23.234159338887899,22.857785273555134,23.618249968953435,0ddebd4915dd2e264e24b7b25047d24f86c3cdf63930a1e6df77585e0b97de02
0.25,1000,transport_hessian,0,190,24.190142679619811,23.815126558598632,24.57506506235319,0ddebd4915dd2e264e24b7b25047d24f86c3cdf63930a1e6df77585e0b97de02
0.25,1000,transport_hessian,0,200,25.198744049445612,24.822933295556069,25.578203269557619,0ddebd4915dd2e264e24b7b25047d24f86c3cdf63930a1e6df77585e0b97de02
0.25,1000,transport_hessian,0,210,26.142943262165648,25.746015378966142,26.543281613977651,0ddebd4915dd2e264e24b7b25047d24f86c3cdf63930a1e6df77585e0b97de02
0.25,1000,transport_hessian,0,220,27.096719240339517,26.694599807631441,27.504298044294682,0ddebd4915dd2e264e24b7b25047d24f86c3cdf63930a1e6df77585e0b97de02
0.25,1000,transport_hessian,0,230,28.069745642105794,27.661945406122246,28.478574737787987,0ddebd4915dd2e264e24b7b25047d24f86c3cdf63930a1e6df77585e0b97de02
0.25,1000,transport_hessian,0,240,28.975933710832646,28.549823507745288,29.403869139138013,0ddebd4915dd2e264e24b7b25047d24f86c3cdf63930a1e6df77585e0b97de02
0.25,1000,transport_hessian,0,250,29.814800692457663,29.360815971530528,30.258305236481988,0ddebd4915dd2e264e24b7b25047d24f86c3cdf63930a1e6df77585e0b97de02
0.25,1000,transport_hessian,0,260,30.68738922516112,30.205055143844955,31.168543572290478,0ddebd4915dd2e264e24b7b25047d24f86c3cdf63930a1e6df77585e0b97de02
0.25,1000,transport_hessian,0,270,31.608743869131334,31.103612782895784,32.109841323070619,0ddebd4915dd2e264e24b7b25047d24f86c3cdf63930a1e6df77585e0b97de02
0.25,1000,transport_hessian,0,280,32.491960351321765,31.978393942558874,32.992394547053465,0ddebd4915dd2e264e24b7b25047d24f86c3cdf63930a1e6df77585e0b97de02
0.25,1000,transport_hessian,0,290,33.357275526122159,32.836030552098201,33.866044915367688,0ddebd4915dd2e264e24b7b25047d24f86c3cdf63930a1e6df77585e0b97de02
0.25,1000,transport_hessian,0,300,34.179410433480825,33.624632012593075,34.722930629469637,0ddebd4915dd2e264e24b7b25047d24f86c3cdf63930a1e6df77585e0b97de02
0.25,1000,transport_hessian,0,310,35.051519264796163,34.460816561894866,35.634176619333729,0ddebd4915dd2e264e24b7b25047d24f86c3cdf63930a1e6df77585e0b97de02
0.25,1000,transport_hessian,0,320,35.922167732931044,35.302397142153495,36.539053078459489,0ddebd4915dd2e264e24b7b25047d24f86c3cdf63930a1e6df77585e0b97de02
0.25,1000,transport_hessian,0,330,36.749993422523715,36.145864758240727,37.343369624202225,0ddebd4915dd2e264e24b7b25047d24f86c3cdf63930a1e6df77585e0b97de02
0.25,1000,transport_hessian,0,340,37.609909849481546,36.981843565626903,38.227387595650136,0ddebd4915dd2e264e24b7b25047d24f86c3cdf63930a1e6df77585e0b97de02
0.25,1000,transport_hessian,0,350,38.36757998947791,37.70219743808255,39.02939030721123,0ddebd4915dd2e264e24b7b25047d24f86c3cdf63930a1e6df77585e0b97de02
0.25,1000,transport_hessian,0,360,39.166758579150311,38.504498145345643,39.824463832044856,0ddebd4915dd2e264e24b7b25047d24f86c3cdf63930a1e6df77585e0b97de02
0.25,1000,transport_hessian,0,370,40.009158380014753,39.346606641136972,40.667112311878036,0ddebd4915dd2e264e24b7b25047d24f86c3cdf63930a1e6df77585e0b97de02
0.25,1000,transport_hessian,0,380,40.807472187679231,40.119350249141903,41.489597105845725,0ddebd4915dd2e264e24b7b25047d24f86c3cdf63930a1e6df77585e0b97de02
0.25,1000,transport_hessian,0,390,41.54987395966814,40.830991381877674,42.264300267871704,0ddebd4915dd2e264e24b7b25047d24f86c3cdf63930a1e6df77585e0b97de02
0.25,1000,transport_hessian,0,400,42.389961913495171,41.656754985599342,43.114904466055989,0ddebd4915dd2e264e24b7b25047d24f86c3cdf63930a1e6df77585e0b97de02
0.25,1000,transport_hessian,0,410,43.21020605169798,42.441406067794553,43.975414028771013,0ddebd4915dd2e264e24b7b25047d24f86c3cdf63930a1e6df77585e0b97de02
0.25,1000,transport_hessian,0,420,43.910207131346326,43.131387282719899,44.6900140552832,0ddebd4915dd2e264e24b7b25047d24f86c3cdf63930a1e6df77585e0b97de02
0.25,1000,transport_hessian,0,430,44.693084582508774,43.887741794859281,45.497999199631188,0ddebd4915dd2e264e24b7b25047d24f86c3cdf63930a1e6df77585e0b97de02
0.25,1000,transport_hessian,0,440,45.519491353490324,44.688479660291371,46.339863054735368,0ddebd4915dd2e264e24b7b25047d24f86c3cdf63930a1e6df77585e0b97de02
0.25,1000,transport_hessian,0,450,46.357496492820125,45.501043113080776,47.210202490945385,0ddebd4915dd2e264e24b7b25047d24f86c3cdf63930a1e6df77585e0b97de02
0.25,1000,transport_hessian,0,460,47.098918042654688,46.223696829139527,47.966249798816378,0ddebd4915dd2e264e24b7b25047d24f86c3cdf63930a1e6df77585e0b97de02
0.25,1000,transport_hessian,0,470,47.872861202668993,46.972609107939924,48.761517611942175,0ddebd4915dd2e264e24b7b25047d24f86c3cdf63930a1e6df77585e0b97de02
0.25,1000,transport_hessian,0,480,48.68638196038259,47.806987196517078,49.557649399396233,0ddebd4915dd2e264e24b7b25047d24f86c3cdf63930a1e6df77585e0b97de02
0.25,1000,transport_hessian,0,490,49.411982383620938,48.509254709060606,50.298802728864821,0ddebd4915dd2e264e24b7b25047d24f86c3cdf63930a1e6df77585e0b97de02
0.25,1000,transport_hessian,0,500,50.187639076903487,49.279467224885927,51.088757819642986,0ddebd4915dd2e264e24b7b25047d24f86c3cdf63930a1e6df77585e0b97de02
0.25,1000,transport_hessian,0,510,50.951053327951058,50.023115535878929,51.872766849584096,0ddebd4915dd2e264e24b7b25047d24f86c3cdf63930a1e6df77585e0b97de02
0.25,1000,transport_hessian,0,520,51.755048858619936,50.797641182339312,52.703640817709655,0ddebd4915dd2e264e24b7b25047d24f86c3cdf63930a1e6df77585e0b97de02
0.25,1000,transport_hessian,0,530,52.445696299624672,51.459550911513091,53.413738430660473,0ddebd4915dd2e264e24b7b25047d24f86c3cdf63930a1e6df77585e0b97de02
0.25,1000,transport_hessian,0,540,53.097990304778406,52.094335151939866,54.085635087008683,0ddebd4915dd2e264e24b7b25047d24f86c3cdf63930a1e6df77585e0b97de02
0.25,1000,transport_hessian,0,550,53.771294872253883,52.759227501424022,54.768815902339632,0ddebd4915dd2e264e24b7b25047d24f86c3cdf63930a1e6df77585e0b97de02
0.25,1000,transport_hessian,0,560,54.495573351677933,53.477770364141946,55.52257104414948,0ddebd4915dd2e264e24b7b25047d24f86c3cdf63930a1e6df77585e0b97de02
0.25,1000,transport_hessian,0,570,55.245478054456889,54.205389667799345,56.296871189800214,0ddebd4915dd2e264e24b7b25047d24f86c3cdf63930a1e6df77585e0b97de02
0.25,1000,transport_hessian,0,580,55.921062024722644,54.85697338797069,57.010336374891686,0ddebd4915dd2e264e24b7b25047d24f86c3cdf63930a1e6df77585e0b97de02
0.25,1000,transport_hessian,0,590,56.553841543973569,55.488479441400713,57.647927003456594,0ddebd4915dd2e264e24b7b25047d24f86c3cdf63930a1e6df77585e0b97de02
0.25,1000,transport_hessian,0,600,57.193033144533594,56.103267480842803,58.318763550352784,0ddebd4915dd2e264e24b7b25047d24f86c3cdf63930a1e6df77585e0b97de02
0.25,1000,transport_hessian,0,610,57.938079346637089,56.803039015629821,59.082711680002987,0ddebd4915dd2e264e24b7b25047d24f86c3cdf63930a1e6df77585e0b97de02
0.25,1000,transport_hessian,0,620,58.653012020914751,57.498320079350108,59.82028275729121,0ddebd4915dd2e264e24b7b25047d24f86c3cdf63930a1e6df77585e0b97de02
0.25,1000,transport_hessian,0,630,59.336159828557328,58.1564369934338,60.543392069102467,0ddebd4915dd2e264e24b7b25047d24f86c3cdf63930a1e6df77585e0b97de02
0.25,1000,transport_hessian,0,640,60.026995969511134,58.842126065641686,61.234726549987464,0ddebd4915dd2e264e24b7b25047d24f86c3cdf63930a1e6df77585e0b97de02
0.25,1000,transport_hessian,0,650,60.583653728040908,59.377562394862181,61.812568302616747,0ddebd4915dd2e264e24b7b25047d24f86c3cdf63930a1e6df77585e0b97de02
0.25,1000,transport_hessian,0,660,61.215956254421492,59.981939803090491,62.467911529120357,0ddebd4915dd2e264e24b7b25047d24f86c3cdf63930a1e6df77585e0b97de02
0.25,1000,transport_hessian,0,670,61.846538556524358,60.605661458017885,63.110861554730548,0ddebd4915dd2e264e24b7b25047d24f86c3cdf63930a1e6df77585e0b97de02
0.25,1000,transport_hessian,0,680,62.484132543888684,61.245989370732879,63.746524907153216,0ddebd4915dd2e264e24b7b25047d24f86c3cdf63930a1e6df77585e0b97de02
0.25,1000,transport_hessian,0,690,63.082583951339878,61.854587102206779,64.337609264851977,0ddebd4915dd2e264e24b7b25047d24f86c3cdf63930a1e6df77585e0b97de02
0.25,1000,transport_hessian,0,700,63.808404273682527,62.587542187578549,65.053419152849116,0ddebd4915dd2e264e24b7b25047d24f86c3cdf63930a1e6df77585e0b97de02
0.25,1000,transport_hessian,0,710,64.41588569554547,63.179265560607824,65.685810282472673,0ddebd4915dd2e264e24b7b25047d24f86c3cdf63930a1e6df77585e0b97de02
0.25,1000,transport_hessian,0,720,65.014668114014896,63.759554772342184,66.313631616111053,0ddebd4915dd2e264e24b7b25047d24f86c3cdf63930a1e6df77585e0b97de02
0.25,1000,transport_hessian,0,730,65.666635946090196,64.403541794640631,66.974603169553788,0ddebd4915dd2e264e24b7b25047d24f86c3cdf63930a1e6df77585e0b97de02
0.25,1000,transport_hessian,0,740,66.238316910279266,64.944887454241794,67.558701524404526,0ddebd4915dd2e264e24b7b25047d24f86c3cdf63930a1e6df77585e0b97de02
0.25,1000,transport_hessian,0,750,66.799330832303013,65.500284689945588,68.131105321480121,0ddebd4915dd2e264e24b7b25047d24f86c3cdf63930a1e6df77585e0b97de02
0.25,1000,transport_hessian,0,760,67.405563780749105,66.09569324397583,68.750536873760936,0ddebd4915dd2e264e24b7b25047d24f86c3cdf63930a1e6df77585e0b97de02
0.25,1000,transport_hessian,0,770,68.068940148825263,66.744991646912922,69.429417548351992,0ddebd4915dd2e264e24b7b25047d24f86c3cdf63930a1e6df77585e0b97de02
0.25,1000,transport_hessian,0,780,68.653182300860735,67.316433396547254,70.029612948860205,0ddebd4915dd2e264e24b7b25047d24f86c3cdf63930a1e6df77585e0b97de02
0.25,1000,transport_hessian,0,790,69.190588199977526,67.839144285734577,70.583543536819988,0ddebd4915dd2e264e24b7b25047d24f86c3cdf63930a1e6df77585e0b97de02
0.25,1000,transport_hessian,0,800,69.755198227381811,68.412231833263462,71.137876479212252,0ddebd4915dd2e264e24b7b25047d24f86c3cdf63930a1e6df77585e0b97de02
0.25,1000,transport_hessian,0,810,70.343616414452924,68.987155194285648,71.733203034579063,0ddebd4915dd2e264e24b7b25047d24f86c3cdf63930a1e6df77585e0b97de02
0.25,1000,transport_hessian,0,820,70.954457647187823,69.589720485982241,72.354382481423002,0ddebd4915dd2e264e24b7b25047d24f86c3cdf63930a1e6df77585e0b97de02
0.25,1000,transport_hessian,0,830,71.544176161582484,70.143942329957298,72.982877282644907,0ddebd4915dd2e264e24b7b25047d24f86c3cdf63930a1e6df77585e0b97de02
0.25,1000,transport_hessian,0,840,72.134025098606557,70.745230252623841,73.573517414561024,0ddebd4915dd2e264e24b7b25047d24f86c3cdf63930a1e6df77585e0b97de02
0.25,1000,transport_hessian,0,850,72.746184099873872,71.341599346371069,74.193027857454823,0ddebd4915dd2e264e24b7b25047d24f86c3cdf63930a1e6df77585e0b97de02
0.25,1000,transport_hessian,0,860,73.302354886426031,71.86934909137608,74.786319771951696,0ddebd4915dd2e264e24b7b25047d24f86c3cdf63930a1e6df77585e0b97de02
0.25,1000,transport_hessian,0,870,73.845366984076222,72.394590289394998,75.340018811633598,0ddebd4915dd2e264e24b7b25047d24f86c3cdf63930a1e6df77585e0b97de02
0.25,1000,transport_hessian,0,880,74.388117184408287,72.916445629784931,75.908601548471921,0ddebd4915dd2e264e24b7b25047d24f86c3cdf63930a1e6df77585e0b97de02
0.25,1000,transport_hessian,0,890,74.983393888354726,73.502272556508402,76.515876905512457,0ddebd4915dd2e264e24b7b25047d24f86c3cdf63930a1e6df77585e0b97de02
0.25,1000,transport_hessian,0,900,75.535926902620631,74.052090945149374,77.0530764386302,0ddebd4915dd2e264e24b7b25047d24f86c3cdf63930a1e6df77585e0b97de02
0.25,1000,transport_hessian,0,910,76.031338272706947,74.542796826479687,77.553216873987921,0ddebd4915dd2e264e24b7b25047d24f86c3cdf63930a1e6df77585e0b97de02
0.25,1000,transport_hessian,0,920,76.579211101065724,75.093738650811929,78.099086696050165,0ddebd4915dd2e264e24b7b25047d24f86c3cdf63930a1e6df77585e0b97de02
0.25,1000,transport_hessian,0,930,77.178163895373856,75.68807471016035,78.718519453800013,0ddebd4915dd2e264e24b7b25047d24f86c3cdf63930a1e6df77585e0b97de02
0.25,1000,transport_hessian,0,940,77.722417524119976,76.196661375409576,79.285577321704352,0ddebd4915dd2e264e24b7b25047d24f86c3cdf63930a1e6df77585e0b97de02
0.25,1000,transport_hessian,0,950,78.323759163318144,76.796637275835565,79.900045670410364,0ddebd4915dd2e264e24b7b25047d24f86c3cdf63930a1e6df77585e0b97de02
0.25,1000,transport_hessian,0,960,78.8878305228572,77.366293947573837,80.460852229339096,0ddebd4915dd2e264e24b7b25047d24f86c3cdf63930a1e6df77585e0b97de02
0.25,1000,transport_hessian,0,970,79.402501655358094,77.85644607717839,80.993530458956414,0ddebd4915dd2e264e24b7b25047d24f86c3cdf63930a1e6df77585e0b97de02
0.25,1000,transport_hessian,0,980,79.926334791506122,78.391259147703593,81.510297851015011,0ddebd4915dd2e264e24b7b25047d24f86c3cdf63930a1e6df77585e0b97de02
0.25,1000,transport_hessian,0,990,80.482694356781195,78.941964164900199,82.076481368906116,0ddebd4915dd2e264e24b7b25047d24f86c3cdf63930a1e6df77585e0b97de02
0.25,1000,transport_hessian,0,1000,81.049560861553445,79.510817181035975,82.640489009151295,0ddebd4915dd2e264e24b7b25047d24f86c3cdf63930a1e6df77585e0b97de02
0.25,1000,transport_endpoint,1,1,0.20563867121313714,0.16944850707045223,0.24192099934964301,0ddebd4915dd2e264e24b7b25047d24f86c3cdf63930a1e6df77585e0b97de02
0.25,1000,transport_endpoint,1,10,1.7746873835524708,1.7034623106783233,1.8452245827215676,0ddebd4915dd2e264e24b7b25047d24f86c3cdf63930a1e6df77585e0b97de02
0.25,1000,transport_endpoint,1,20,3.5992125051305113,3.5042768016033663,3.6997261601384115,0ddebd4915dd2e264e24b7b25047d24f86c3cdf63930a1e6df77585e0b97de02
0.25,1000,transport_endpoint,1,30,5.363244375581683,5.247980970344118,5.4793485260858468,0ddebd4915dd2e264e24b7b25047d24f86c3cdf63930a1e6df77585e0b97de02
0.25,1000,transport_endpoint,1,40,6.8495604326672845,6.705007100135659,6.9963488538726493,0ddebd4915dd2e264e24b7b25047d24f86c3cdf63930a1e6df77585e0b97de02
0.25,1000,transport_endpoint,1,50,8.2525400777331992,8.1142256191562137,8.3883987863510416,0ddebd4915dd2e264e24b7b25047d24f86c3cdf63930a1e6df77585e0b97de02
0.25,1000,transport_endpoint,1,60,9.5283492070218916,9.3622167078774439,9.698497385230727,0ddebd4915dd2e264e24b7b25047d24f86c3cdf63930a1e6df77585e0b97de02
0.25,1000,transport_endpoint,1,70,10.833829047329189,10.627248928477824,11.045054845508929,0ddebd4915dd2e264e24b7b25047d24f86c3cdf63930a1e6df77585e0b97de02
0.25,1000,transport_endpoint,1,80,12.084858070738033,11.900688212021814,12.269113817908204,0ddebd4915dd2e264e24b7b25047d24f86c3cdf63930a1e6df77585e0b97de02
0.25,1000,transport_endpoint,1,90,13.253292533920987,13.087219318288181,13.415035523919574,0ddebd4915dd2e264e24b7b25047d24f86c3cdf63930a1e6df77585e0b97de02
0.25,1000,transport_endpoint,1,100,14.514343290172388,14.316271312638335,14.709903804648606,0ddebd4915dd2e264e24b7b25047d24f86c3cdf63930a1e6df77585e0b97de02
0.25,1000,transport_endpoint,1,110,15.685452522489486,15.477214832813766,15.899100461819909,0ddebd4915dd2e264e24b7b25047d24f86c3cdf63930a1e6df77585e0b97de02
0.25,1000,transport_endpoint,1,120,16.848794611383187,16.628048883730862,17.084427475612706,0ddebd4915dd2e264e24b7b25047d24f86c3cdf63930a1e6df77585e0b97de02
0.25,1000,transport_endpoint,1,130,17.951584078089358,17.696240135009045,18.218175699981412,0ddebd4915dd2e264e24b7b25047d24f86c3cdf63930a1e6df77585e0b97de02
0.25,1000,transport_endpoint,1,140,18.975536750678351,18.676822636261807,19.290555992636424,0ddebd4915dd2e264e24b7b25047d24f86c3cdf63930a1e6df77585e0b97de02
0.25,1000,transport_endpoint,1,150,20.064108457208004,19.763457803658429,20.382161145291438,0ddebd4915dd2e264e24b7b25047d24f86c3cdf63930a1e6df77585e0b97de02
0.25,1000,transport_endpoint,1,160,21.140613231047933,20.846192283609358,21.450772305915841,0ddebd4915dd2e264e24b7b25047d24f86c3cdf63930a1e6df77585e0b97de02
0.25,1000,transport_endpoint,1,170,22.147823785034479,21.832184329006882,22.480370442447846,0ddebd4915dd2e264e24b7b25047d24f86c3cdf63930a1e6df77585e0b97de02
0.25,1000,transport_endpoint,1,180,23.231411602208738,22.873352217739733,23.610244587478999,0ddebd4915dd2e264e24b7b25047d24f86c3cdf63930a1e6df77585e0b97de02
0.25,1000,transport_endpoint,1,190,24.20392826171026,23.826300376873178,24.599927946097882,0ddebd4915dd2e264e24b7b25047d24f86c3cdf63930a1e6df77585e0b97de02
0.25,1000,transport_endpoint,1,200,25.217368074322717,24.842344849916088,25.615469589137071,0ddebd4915dd2e264e24b7b25047d24f86c3cdf63930a1e6df77585e0b97de02
0.25,1000,transport_endpoint,1,210,26.053415243393907,25.655538883726141,26.475284326259587,0ddebd4915dd2e264e24b7b25047d24f86c3cdf63930a1e6df77585e0b97de02
0.25,1000,transport_endpoint,1,220,26.948640472455118,26.504868738794059,27.415265980790426,0ddebd4915dd2e264e24b7b25047d24f86c3cdf63930a1e6df77585e0b97de02
0.25,1000,transport_endpoint,1,230,27.899989646158769,27.45236560283092,28.380496508515478,0ddebd4915dd2e264e24b7b25047d24f86c3cdf63930a1e6df77585e0b97de02
0.25,1000,transport_endpoint,1,240,28.765813561555291,28.277379750208659,29.289847878926764,0ddebd4915dd2e264e24b7b25047d24f86c3cdf63930a1e6df77585e0b97de02
0.25,1000,transport_endpoint,1,250,29.703089706837719,29.175530885422827,30.272970061402781,0ddebd4915dd2e264e24b7b25047d24f86c3cdf63930a1e6df77585e0b97de02
0.25,1000,transport_endpoint,1,260,30.604893394753198,30.049305228080172,31.205881770424991,0ddebd4915dd2e264e24b7b25047d24f86c3cdf63930a1e6df77585e0b97de02
0.25,1000,transport_endpoint,1,270,31.455245297412251,30.865764348691702,32.087580238922847,0ddebd4915dd2e264e24b7b25047d24f86c3cdf63930a1e6df77585e0b97de02
0.25,1000,transport_endpoint,1,280,32.412750804218035,31.778821935719197,33.081280564008331,0ddebd4915dd2e264e24b7b25047d24f86c3cdf63930a1e6df77585e0b97de02
0.25,1000,transport_endpoint,1,290,33.293141080463172,32.618456379654226,33.995672604241982,0ddebd4915dd2e264e24b7b25047d24f86c3cdf63930a1e6df77585e0b97de02
0.25,1000,transport_endpoint,1,300,34.181514596770377,33.45771568143671,34.931186605628412,0ddebd4915dd2e264e24b7b25047d24f86c3cdf63930a1e6df77585e0b97de02
0.25,1000,transport_endpoint,1,310,35.023331045856125,34.281624884896551,35.797735876229247,0ddebd4915dd2e264e24b7b25047d24f86c3cdf63930a1e6df77585e0b97de02
0.25,1000,transport_endpoint,1,320,35.835134926238801,35.06798326532374,36.64849321441563,0ddebd4915dd2e264e24b7b25047d24f86c3cdf63930a1e6df77585e0b97de02
0.25,1000,transport_endpoint,1,330,36.71943065651417,35.938593649010308,37.534900147564962,0ddebd4915dd2e264e24b7b25047d24f86c3cdf63930a1e6df77585e0b97de02
0.25,1000,transport_endpoint,1,340,37.480194563936237,36.680153173111762,38.310535864407917,0ddebd4915dd2e264e24b7b25047d24f86c3cdf63930a1e6df77585e0b97de02
0.25,1000,transport_endpoint,1,350,38.221766537811249,37.402724687754272,39.07151062239496,0ddebd4915dd2e264e24b7b25047d24f86c3cdf63930a1e6df77585e0b97de02
0.25,1000,transport_endpoint,1,360,39.012446349850016,38.186419048646954,39.874423726834507,0ddebd4915dd2e264e24b7b25047d24f86c3cdf63930a1e6df77585e0b97de02
0.25,1000,transport_endpoint,1,370,39.775282787178789,38.948097844116326,40.632857996172135,0ddebd4915dd2e264e24b7b25047d24f86c3cdf63930a1e6df77585e0b97de02
0.25,1000,transport_endpoint,1,380,40.533888479193273,39.676709953162728,41.424719297186144,0ddebd4915dd2e264e24b7b25047d24f86c3cdf63930a1e6df77585e0b97de02
0.25,1000,transport_endpoint,1,390,41.303849163414704,40.431986519761139,42.206108737160775,0ddebd4915dd2e264e24b7b25047d24f86c3cdf63930a1e6df77585e0b97de02
0.25,1000,transport_endpoint,1,400,42.061096625626718,41.199353452666344,42.964879908621221,0ddebd4915dd2e264e24b7b25047d24f86c3cdf63930a1e6df77585e0b97de02
0.25,1000,transport_endpoint,1,410,42.834934060473813,41.968823839816594,43.752100963683255,0ddebd4915dd2e264e24b7b25047d24f86c3cdf63930a1e6df77585e0b97de02
0.25,1000,transport_endpoint,1,420,43.536812523240272,42.669607516230023,44.452389383347885,0ddebd4915dd2e264e24b7b25047d24f86c3cdf63930a1e6df77585e0b97de02
0.25,1000,transport_endpoint,1,430,44.311998564349224,43.450291163006504,45.228991767603254,0ddebd4915dd2e264e24b7b25047d24f86c3cdf63930a1e6df77585e0b97de02
0.25,1000,transport_endpoint,1,440,45.088684179661058,44.201183659962012,46.035780369467787,0ddebd4915dd2e264e24b7b25047d24f86c3cdf63930a1e6df77585e0b97de02
0.25,1000,transport_endpoint,1,450,45.887664047218458,44.988661441038531,46.844301589178933,0ddebd4915dd2e264e24b7b25047d24f86c3cdf63930a1e6df77585e0b97de02
0.25,1000,transport_endpoint,1,460,46.575132570980934,45.674521036756929,47.536846431840203,0ddebd4915dd2e264e24b7b25047d24f86c3cdf63930a1e6df77585e0b97de02
0.25,1000,transport_endpoint,1,470,47.347607608816922,46.448616762527863,48.304962706765977,0ddebd4915dd2e264e24b7b25047d24f86c3cdf63930a1e6df77585e0b97de02
0.25,1000,transport_endpoint,1,480,48.113420089019485,47.209735923955158,49.081407736600383,0ddebd4915dd2e264e24b7b25047d24f86c3cdf63930a1e6df77585e0b97de02
0.25,1000,transport_endpoint,1,490,48.810955811106744,47.87687546534211,49.818804403326297,0ddebd4915dd2e264e24b7b25047d24f86c3cdf63930a1e6df77585e0b97de02
0.25,1000,transport_endpoint,1,500,49.494540352937932,48.546425461014614,50.514563819856512,0ddebd4915dd2e264e24b7b25047d24f86c3cdf63930a1e6df77585e0b97de02
0.25,1000,transport_endpoint,1,510,50.173297779824551,49.192661026679339,51.23010464272356,0ddebd4915dd2e264e24b7b25047d24f86c3cdf63930a1e6df77585e0b97de02
0.25,1000,transport_endpoint,1,520,50.968765819063499,49.996619526799122,52.016728298241937,0ddebd4915dd2e264e24b7b25047d24f86c3cdf63930a1e6df77585e0b97de02
0.25,1000,transport_endpoint,1,530,51.672324619865805,50.673913804249253,52.734171985471598,0ddebd4915dd2e264e24b7b25047d24f86c3cdf63930a1e6df77585e0b97de02
0.25,1000,transport_endpoint,1,540,52.336559020980332,51.334008795756333,53.41355316812038,0ddebd4915dd2e264e24b7b25047d24f86c3cdf63930a1e6df77585e0b97de02
0.25,1000,transport_endpoint,1,550,52.980241763749611,51.950462999965524,54.088514023327534,0ddebd4915dd2e264e24b7b25047d24f86c3cdf63930a1e6df77585e0b97de02
0.25,1000,transport_endpoint,1,560,53.657911582129245,52.614369027666726,54.774431723065419,0ddebd4915dd2e264e24b7b25047d24f86c3cdf63930a1e6df77585e0b97de02
0.25,1000,transport_endpoint,1,570,54.391607977485272,53.358326871311789,55.513164655557937,0ddebd4915dd2e264e24b7b25047d24f86c3cdf63930a1e6df77585e0b97de02
0.25,1000,transport_endpoint,1,580,55.045836285656897,53.995037189110064,56.169792275224601,0ddebd4915dd2e264e24b7b25047d24f86c3cdf63930a1e6df77585e0b97de02
0.25,1000,transport_endpoint,1,590,55.66349375330595,54.588750708513778,56.821161318773278,0ddebd4915dd2e264e24b7b25047d24f86c3cdf63930a1e6df77585e0b97de02
0.25,1000,transport_endpoint,1,600,56.361439941027712,55.276630596763937,57.530230406464639,0ddebd4915dd2e264e24b7b25047d24f86c3cdf63930a1e6df77585e0b97de02
0.25,1000,transport_endpoint,1,610,57.032931470365014,55.952192713505028,58.181940378077243,0ddebd4915dd2e264e24b7b25047d24f86c3cdf63930a1e6df77585e0b97de02
0.25,1000,transport_endpoint,1,620,57.647945046477723,56.57080370860043,58.795137016748626,0ddebd4915dd2e264e24b7b25047d24f86c3cdf63930a1e6df77585e0b97de02
0.25,1000,transport_endpoint,1,630,58.245366884161371,57.15100470375647,59.414228176494589,0ddebd4915dd2e264e24b7b25047d24f86c3cdf63930a1e6df77585e0b97de02
0.25,1000,transport_endpoint,1,640,58.903716063686204,57.794522169188085,60.076670451085825,0ddebd4915dd2e264e24b7b25047d24f86c3cdf63930a1e6df77585e0b97de02
0.25,1000,transport_endpoint,1,650,59.534025689852399,58.402024956368408,60.744260398653282,0ddebd4915dd2e264e24b7b25047d24f86c3cdf63930a1e6df77585e0b97de02
0.25,1000,transport_endpoint,1,660,60.140479483000334,58.987005851034205,61.369102246555578,0ddebd4915dd2e264e24b7b25047d24f86c3cdf63930a1e6df77585e0b97de02
0.25,1000,transport_endpoint,1,670,60.684854942476193,59.512367809811686,61.928482458325348,0ddebd4915dd2e264e24b7b25047d24f86c3cdf63930a1e6df77585e0b97de02
0.25,1000,transport_endpoint,1,680,61.258866286421615,60.080235995023116,62.502666235617504,0ddebd4915dd2e264e24b7b25047d24f86c3cdf63930a1e6df77585e0b97de02
0.25,1000,transport_endpoint,1,690,61.841684676311345,60.65115160582679,63.097603434654836,0ddebd4915dd2e264e24b7b25047d24f86c3cdf63930a1e6df77585e0b97de02
0.25,1000,transport_endpoint,1,700,62.464533005209212,61.27332515867861,63.725246050597811,0ddebd4915dd2e264e24b7b25047d24f86c3cdf63930a1e6df77585e0b97de02
0.25,1000,transport_endpoint,1,710,63.030772667246659,61.834302071570463,64.295317918884649,0ddebd4915dd2e264e24b7b25047d24f86c3cdf63930a1e6df77585e0b97de02
0.25,1000,transport_endpoint,1,720,63.666374906274243,62.477394344159826,64.910193506104477,0ddebd4915dd2e264e24b7b25047d24f86c3cdf63930a1e6df77585e0b97de02
0.25,1000,transport_endpoint,1,730,64.271632720365972,63.06508236696407,65.527568740994084,0ddebd4915dd2e264e24b7b25047d24f86c3cdf63930a1e6df77585e0b97de02
0.25,1000,transport_endpoint,1,740,64.871558058751845,63.681224704264054,66.134453941369983,0ddebd4915dd2e264e24b7b25047d24f86c3cdf63930a1e6df77585e0b97de02
0.25,1000,transport_endpoint,1,750,65.442288126597361,64.246207631760768,66.707282824064905,0ddebd4915dd2e264e24b7b25047d24f86c3cdf63930a1e6df77585e0b97de02
0.25,1000,transport_endpoint,1,760,66.096418077350677,64.908486338961552,67.364859193665865,0ddebd4915dd2e264e24b7b25047d24f86c3cdf63930a1e6df77585e0b97de02
0.25,1000,transport_endpoint,1,770,66.729963710737806,65.53150243738736,68.01182569075516,0ddebd4915dd2e264e24b7b25047d24f86c3cdf63930a1e6df77585e0b97de02
0.25,1000,transport_endpoint,1,780,67.371507311781087,66.166321095286648,68.653661265208456,0ddebd4915dd2e264e24b7b25047d24f86c3cdf63930a1e6df77585e0b97de02
0.25,1000,transport_endpoint,1,790,67.949692759716754,66.741584147996591,69.243645278643541,0ddebd4915dd2e264e24b7b25047d24f86c3cdf63930a1e6df77585e0b97de02
0.25,1000,transport_endpoint,1,800,68.486785084940436,67.27093783965762,69.760823122173065,0ddebd4915dd2e264e24b7b25047d24f86c3cdf63930a1e6df77585e0b97de02
0.25,1000,transport_endpoint,1,810,69.134746286610778,67.90498474114051,70.437877435874896,0ddebd4915dd2e264e24b7b25047d24f86c3cdf63930a1e6df77585e0b97de02
0.25,1000,transport_endpoint,1,820,69.689633826007579,68.426732048052557,71.026110204653449,0ddebd4915dd2e264e24b7b25047d24f86c3cdf63930a1e6df77585e0b97de02
0.25,1000,transport_endpoint,1,830,70.265696765216902,69.008397180837861,71.607881222900232,0ddebd4915dd2e264e24b7b25047d24f86c3cdf63930a1e6df77585e0b97de02
0.25,1000,transport_endpoint,1,840,70.865807728265651,69.602187564901826,72.218110964802861,0ddebd4915dd2e264e24b7b25047d24f86c3cdf63930a1e6df77585e0b97de02
0.25,1000,transport_endpoint,1,850,71.35462603132251,70.07771029740212,72.715204490167025,0ddebd4915dd2e264e24b7b25047d24f86c3cdf63930a1e6df77585e0b97de02
0.25,1000,transport_endpoint,1,860,71.842381216681375,70.544496251123775,73.225005023545194,0ddebd4915dd2e264e24b7b25047d24f86c3cdf63930a1e6df77585e0b97de02
0.25,1000,transport_endpoint,1,870,72.339340154875913,71.040042039384986,73.729911422760367,0ddebd4915dd2e264e24b7b25047d24f86c3cdf63930a1e6df77585e0b97de02
0.25,1000,transport_endpoint,1,880,72.850733962245201,71.538020178076252,74.25665732387759,0ddebd4915dd2e264e24b7b25047d24f86c3cdf63930a1e6df77585e0b97de02
0.25,1000,transport_endpoint,1,890,73.379856347658674,72.089902418815527,74.766807963236147,0ddebd4915dd2e264e24b7b25047d24f86c3cdf63930a1e6df77585e0b97de02
0.25,1000,transport_endpoint,1,900,73.901844158301969,72.588496500442218,75.293903646720509,0ddebd4915dd2e264e24b7b25047d24f86c3cdf63930a1e6df77585e0b97de02
0.25,1000,transport_endpoint,1,910,74.40757610906401,73.085390227471819,75.80872209239817,0ddebd4915dd2e264e24b7b25047d24f86c3cdf63930a1e6df77585e0b97de02
0.25,1000,transport_endpoint,1,920,74.988401589687996,73.646101483386289,76.415117160162637,0ddebd4915dd2e264e24b7b25047d24f86c3cdf63930a1e6df77585e0b97de02
0.25,1000,transport_endpoint,1,930,75.432255902742526,74.089661295431924,76.863690995680614,0ddebd4915dd2e264e24b7b25047d24f86c3cdf63930a1e6df77585e0b97de02
0.25,1000,transport_endpoint,1,940,75.932002392954487,74.612541608268955,77.339756683586714,0ddebd4915dd2e264e24b7b25047d24f86c3cdf63930a1e6df77585e0b97de02
0.25,1000,transport_endpoint,1,950,76.461337920247431,75.138469243350841,77.866413565245381,0ddebd4915dd2e264e24b7b25047d24f86c3cdf63930a1e6df77585e0b97de02
0.25,1000,transport_endpoint,1,960,76.979168542188006,75.640147362832522,78.392735285319958,0ddebd4915dd2e264e24b7b25047d24f86c3cdf63930a1e6df77585e0b97de02
0.25,1000,transport_endpoint,1,970,77.478480809040533,76.138808073515605,78.895011014040165,0ddebd4915dd2e264e24b7b25047d24f86c3cdf63930a1e6df77585e0b97de02
0.25,1000,transport_endpoint,1,980,77.983792277641498,76.636350183088766,79.403752859943324,0ddebd4915dd2e264e24b7b25047d24f86c3cdf63930a1e6df77585e0b97de02
0.25,1000,transport_endpoint,1,990,78.589156413273798,77.230808880034715,80.019349565661088,0ddebd4915dd2e264e24b7b25047d24f86c3cdf63930a1e6df77585e0b97de02
0.25,1000,transport_endpoint,1,1000,79.050143317696552,77.680437707351913,80.486567300210908,0ddebd4915dd2e264e24b7b25047d24f86c3cdf63930a1e6df77585e0b97de02
0.25,1000,frozen_reference,2,1,0.20563867121313714,0.16944850707045223,0.24192099934964301,0ddebd4915dd2e264e24b7b25047d24f86c3cdf63930a1e6df77585e0b97de02
0.25,1000,frozen_reference,2,10,1.7848415575784864,1.7133796327689066,1.8566523226203842,0ddebd4915dd2e264e24b7b25047d24f86c3cdf63930a1e6df77585e0b97de02
0.25,1000,frozen_reference,2,20,3.5767823043472031,3.4861908829771786,3.6729995131449975,0ddebd4915dd2e264e24b7b25047d24f86c3cdf63930a1e6df77585e0b97de02
0.25,1000,frozen_reference,2,30,5.3208815766760855,5.2080783678931466,5.4326451957173623,0ddebd4915dd2e264e24b7b25047d24f86c3cdf63930a1e6df77585e0b97de02
0.25,1000,frozen_reference,2,40,6.8374915914810011,6.7014066410150637,6.9761930434287516,0ddebd4915dd2e264e24b7b25047d24f86c3cdf63930a1e6df77585e0b97de02
0.25,1000,frozen_reference,2,50,8.2656115883132824,8.1303057363581814,8.3999557648887464,0ddebd4915dd2e264e24b7b25047d24f86c3cdf63930a1e6df77585e0b97de02
0.25,1000,frozen_reference,2,60,9.5723591583038772,9.4094680837964706,9.7404390638456864,0ddebd4915dd2e264e24b7b25047d24f86c3cdf63930a1e6df77585e0b97de02
0.25,1000,frozen_reference,2,70,10.924783627810868,10.72515408947098,11.128283999938013,0ddebd4915dd2e264e24b7b25047d24f86c3cdf63930a1e6df77585e0b97de02
0.25,1000,frozen_reference,2,80,12.143286074761715,11.959161819339636,12.323285044699137,0ddebd4915dd2e264e24b7b25047d24f86c3cdf63930a1e6df77585e0b97de02
0.25,1000,frozen_reference,2,90,13.362612766618007,13.174391893672649,13.549893631752123,0ddebd4915dd2e264e24b7b25047d24f86c3cdf63930a1e6df77585e0b97de02
0.25,1000,frozen_reference,2,100,14.576568835487302,14.383693217949366,14.764720221106916,0ddebd4915dd2e264e24b7b25047d24f86c3cdf63930a1e6df77585e0b97de02
0.25,1000,frozen_reference,2,110,15.779103011257503,15.559751522318777,16.004594617382153,0ddebd4915dd2e264e24b7b25047d24f86c3cdf63930a1e6df77585e0b97de02
0.25,1000,frozen_reference,2,120,16.895068338909592,16.65723139274532,17.143737875637502,0ddebd4915dd2e264e24b7b25047d24f86c3cdf63930a1e6df77585e0b97de02
0.25,1000,frozen_reference,2,130,17.910733075772828,17.6471091717173,18.190418965589416,0ddebd4915dd2e264e24b7b25047d24f86c3cdf63930a1e6df77585e0b97de02
0.25,1000,frozen_reference,2,140,18.968264010480894,18.657428033644145,19.288988919561376,0ddebd4915dd2e264e24b7b25047d24f86c3cdf63930a1e6df77585e0b97de02
0.25,1000,frozen_reference,2,150,20.066507737678972,19.747041723696388,20.406132884898312,0ddebd4915dd2e264e24b7b25047d24f86c3cdf63930a1e6df77585e0b97de02
0.25,1000,frozen_reference,2,160,21.121787551172041,20.776726413836368,21.473757479551317,0ddebd4915dd2e264e24b7b25047d24f86c3cdf63930a1e6df77585e0b97de02
0.25,1000,frozen_reference,2,170,22.152306776317552,21.785113282207082,22.532441527047141,0ddebd4915dd2e264e24b7b25047d24f86c3cdf63930a1e6df77585e0b97de02
0.25,1000,frozen_reference,2,180,23.209026584586045,22.804141060542086,23.635269172404882,0ddebd4915dd2e264e24b7b25047d24f86c3cdf63930a1e6df77585e0b97de02
0.25,1000,frozen_reference,2,190,24.164265875732607,23.7396200679343,24.603298901498256,0ddebd4915dd2e264e24b7b25047d24f86c3cdf63930a1e6df77585e0b97de02
0.25,1000,frozen_reference,2,200,25.146652931384452,24.725055545379785,25.586828222223325,0ddebd4915dd2e264e24b7b25047d24f86c3cdf63930a1e6df77585e0b97de02
0.25,1000,frozen_reference,2,210,26.025545785437597,25.583221559162276,26.484184714371263,0ddebd4915dd2e264e24b7b25047d24f86c3cdf63930a1e6df77585e0b97de02
0.25,1000,frozen_reference,2,220,26.952198299912244,26.468650311033933,27.449734429877729,0ddebd4915dd2e264e24b7b25047d24f86c3cdf63930a1e6df77585e0b97de02
0.25,1000,frozen_reference,2,230,27.900929113296616,27.413471529125296,28.407431668075525,0ddebd4915dd2e264e24b7b25047d24f86c3cdf63930a1e6df77585e0b97de02
0.25,1000,frozen_reference,2,240,28.81137551205525,28.299011968714261,29.35065624254382,0ddebd4915dd2e264e24b7b25047d24f86c3cdf63930a1e6df77585e0b97de02
0.25,1000,frozen_reference,2,250,29.761340756234748,29.212455457049874,30.332041391972787,0ddebd4915dd2e264e24b7b25047d24f86c3cdf63930a1e6df77585e0b97de02
0.25,1000,frozen_reference,2,260,30.615852797178412,30.042694944815139,31.219484098512602,0ddebd4915dd2e264e24b7b25047d24f86c3cdf63930a1e6df77585e0b97de02
0.25,1000,frozen_reference,2,270,31.455095597812264,30.864896520563157,32.078331636852873,0ddebd4915dd2e264e24b7b25047d24f86c3cdf63930a1e6df77585e0b97de02
0.25,1000,frozen_reference,2,280,32.415681851840326,31.784411426029237,33.074431625780079,0ddebd4915dd2e264e24b7b25047d24f86c3cdf63930a1e6df77585e0b97de02
0.25,1000,frozen_reference,2,290,33.288224166553803,32.636061902377371,33.970790181418252,0ddebd4915dd2e264e24b7b25047d24f86c3cdf63930a1e6df77585e0b97de02
0.25,1000,frozen_reference,2,300,34.166957535680474,33.463864242939913,34.90102965903391,0ddebd4915dd2e264e24b7b25047d24f86c3cdf63930a1e6df77585e0b97de02
0.25,1000,frozen_reference,2,310,34.995485284251615,34.293282998501525,35.735800702879757,0ddebd4915dd2e264e24b7b25047d24f86c3cdf63930a1e6df77585e0b97de02
0.25,1000,frozen_reference,2,320,35.780449465568772,35.068549012656277,36.52465013126492,0ddebd4915dd2e264e24b7b25047d24f86c3cdf63930a1e6df77585e0b97de02
0.25,1000,frozen_reference,2,330,36.708994432449437,36.006823741506139,37.44023105345687,0ddebd4915dd2e264e24b7b25047d24f86c3cdf63930a1e6df77585e0b97de02
0.25,1000,frozen_reference,2,340,37.449787785398051,36.723670291500888,38.207161838759738,0ddebd4915dd2e264e24b7b25047d24f86c3cdf63930a1e6df77585e0b97de02
0.25,1000,frozen_reference,2,350,38.218733496163679,37.483752505512875,38.995473939185374,0ddebd4915dd2e264e24b7b25047d24f86c3cdf63930a1e6df77585e0b97de02
0.25,1000,frozen_reference,2,360,38.996602930063283,38.24092663464797,39.787042502050916,0ddebd4915dd2e264e24b7b25047d24f86c3cdf63930a1e6df77585e0b97de02
0.25,1000,frozen_reference,2,370,39.771370609632967,39.013421471337928,40.565921593072837,0ddebd4915dd2e264e24b7b25047d24f86c3cdf63930a1e6df77585e0b97de02
0.25,1000,frozen_reference,2,380,40.512749763623226,39.709081321227963,41.341953230173822,0ddebd4915dd2e264e24b7b25047d24f86c3cdf63930a1e6df77585e0b97de02
0.25,1000,frozen_reference,2,390,41.267710333555613,40.458858725759313,42.114818133379906,0ddebd4915dd2e264e24b7b25047d24f86c3cdf63930a1e6df77585e0b97de02
0.25,1000,frozen_reference,2,400,41.986239837167247,41.172920077522413,42.837840791332162,0ddebd4915dd2e264e24b7b25047d24f86c3cdf63930a1e6df77585e0b97de02
0.25,1000,frozen_reference,2,410,42.72905653294503,41.922579111067812,43.580452677657085,0ddebd4915dd2e264e24b7b25047d24f86c3cdf63930a1e6df77585e0b97de02
0.25,1000,frozen_reference,2,420,43.463846860445791,42.64274767201686,44.337588783607039,0ddebd4915dd2e264e24b7b25047d24f86c3cdf63930a1e6df77585e0b97de02
0.25,1000,frozen_reference,2,430,44.200010577494496,43.381769740748609,45.061266055332403,0ddebd4915dd2e264e24b7b25047d24f86c3cdf63930a1e6df77585e0b97de02
0.25,1000,frozen_reference,2,440,44.999564591171044,44.146197825957799,45.900620907059562,0ddebd4915dd2e264e24b7b25047d24f86c3cdf63930a1e6df77585e0b97de02
0.25,1000,frozen_reference,2,450,45.773695836472925,44.910196803329413,46.678110435924552,0ddebd4915dd2e264e24b7b25047d24f86c3cdf63930a1e6df77585e0b97de02
0.25,1000,frozen_reference,2,460,46.472684372902265,45.607768201053737,47.381705647213259,0ddebd4915dd2e264e24b7b25047d24f86c3cdf63930a1e6df77585e0b97de02
0.25,1000,frozen_reference,2,470,47.173036239609907,46.315683601280746,48.076748159273961,0ddebd4915dd2e264e24b7b25047d24f86c3cdf63930a1e6df77585e0b97de02
0.25,1000,frozen_reference,2,480,47.97929624792809,47.109537075769232,48.890074551058021,0ddebd4915dd2e264e24b7b25047d24f86c3cdf63930a1e6df77585e0b97de02
0.25,1000,frozen_reference,2,490,48.730577031265376,47.814913739789084,49.693695212268665,0ddebd4915dd2e264e24b7b25047d24f86c3cdf63930a1e6df77585e0b97de02
0.25,1000,frozen_reference,2,500,49.42106950530362,48.476878198166823,50.408995521831905,0ddebd4915dd2e264e24b7b25047d24f86c3cdf63930a1e6df77585e0b97de02
0.25,1000,frozen_reference,2,510,50.107223235780914,49.13723969178551,51.114075115192918,0ddebd4915dd2e264e24b7b25047d24f86c3cdf63930a1e6df77585e0b97de02
0.25,1000,frozen_reference,2,520,50.891289148675789,49.942921853635809,51.88837193995073,0ddebd4915dd2e264e24b7b25047d24f86c3cdf63930a1e6df77585e0b97de02
0.25,1000,frozen_reference,2,530,51.585540206943953,50.607982205222406,52.619632697355541,0ddebd4915dd2e264e24b7b25047d24f86c3cdf63930a1e6df77585e0b97de02
0.25,1000,frozen_reference,2,540,52.269275401159781,51.274246482393742,53.313567533253412,0ddebd4915dd2e264e24b7b25047d24f86c3cdf63930a1e6df77585e0b97de02
0.25,1000,frozen_reference,2,550,52.87016344729124,51.871168526635401,53.926452094173726,0ddebd4915dd2e264e24b7b25047d24f86c3cdf63930a1e6df77585e0b97de02
0.25,1000,frozen_reference,2,560,53.568193598566793,52.564892750129417,54.629878473248809,0ddebd4915dd2e264e24b7b25047d24f86c3cdf63930a1e6df77585e0b97de02
0.25,1000,frozen_reference,2,570,54.298065316137034,53.300223183715616,55.338951479516851,0ddebd4915dd2e264e24b7b25047d24f86c3cdf63930a1e6df77585e0b97de02
0.25,1000,frozen_reference,2,580,54.938023032111197,53.924594521858509,55.998328444134764,0ddebd4915dd2e264e24b7b25047d24f86c3cdf63930a1e6df77585e0b97de02
0.25,1000,frozen_reference,2,590,55.53853661572515,54.507106382922544,56.622816182882808,0ddebd4915dd2e264e24b7b25047d24f86c3cdf63930a1e6df77585e0b97de02
0.25,1000,frozen_reference,2,600,56.256656106435642,55.217499480515954,57.340714406527923,0ddebd4915dd2e264e24b7b25047d24f86c3cdf63930a1e6df77585e0b97de02
0.25,1000,frozen_reference,2,610,56.872499861161302,55.837489830487272,57.957750066725708,0ddebd4915dd2e264e24b7b25047d24f86c3cdf63930a1e6df77585e0b97de02
0.25,1000,frozen_reference,2,620,57.479555976252378,56.446330699531671,58.55750835504378,0ddebd4915dd2e264e24b7b25047d24f86c3cdf63930a1e6df77585e0b97de02
0.25,1000,frozen_reference,2,630,58.087180611910092,57.04613891583849,59.180266794876268,0ddebd4915dd2e264e24b7b25047d24f86c3cdf63930a1e6df77585e0b97de02
0.25,1000,frozen_reference,2,640,58.762432216418475,57.699212905504936,59.877503009727036,0ddebd4915dd2e264e24b7b25047d24f86c3cdf63930a1e6df77585e0b97de02
0.25,1000,frozen_reference,2,650,59.40902241758284,58.329022722109144,60.538657348412386,0ddebd4915dd2e264e24b7b25047d24f86c3cdf63930a1e6df77585e0b97de02
0.25,1000,frozen_reference,2,660,60.015730585491568,58.927519499907312,61.144935716252398,0ddebd4915dd2e264e24b7b25047d24f86c3cdf63930a1e6df77585e0b97de02
0.25,1000,frozen_reference,2,670,60.555386852304565,59.444513485934344,61.706946973250723,0ddebd4915dd2e264e24b7b25047d24f86c3cdf63930a1e6df77585e0b97de02
0.25,1000,frozen_reference,2,680,61.182407486923587,60.058239155986755,62.352638041451804,0ddebd4915dd2e264e24b7b25047d24f86c3cdf63930a1e6df77585e0b97de02
0.25,1000,frozen_reference,2,690,61.732063769283194,60.601949658698416,62.918479096958649,0ddebd4915dd2e264e24b7b25047d24f86c3cdf63930a1e6df77585e0b97de02
0.25,1000,frozen_reference,2,700,62.356819630681549,61.225938041306669,63.55239797632558,0ddebd4915dd2e264e24b7b25047d24f86c3cdf63930a1e6df77585e0b97de02
0.25,1000,frozen_reference,2,710,62.926167466185909,61.793323041487326,64.126020143896554,0ddebd4915dd2e264e24b7b25047d24f86c3cdf63930a1e6df77585e0b97de02
0.25,1000,frozen_reference,2,720,63.565850396560812,62.428971296903327,64.754583832117007,0ddebd4915dd2e264e24b7b25047d24f86c3cdf63930a1e6df77585e0b97de02
0.25,1000,frozen_reference,2,730,64.218876694011044,63.067245803279384,65.429335608315114,0ddebd4915dd2e264e24b7b25047d24f86c3cdf63930a1e6df77585e0b97de02
0.25,1000,frozen_reference,2,740,64.830412023090858,63.680426523022419,66.059812375695188,0ddebd4915dd2e264e24b7b25047d24f86c3cdf63930a1e6df77585e0b97de02
0.25,1000,frozen_reference,2,750,65.418310676867989,64.263674492028088,66.629540222553075,0ddebd4915dd2e264e24b7b25047d24f86c3cdf63930a1e6df77585e0b97de02
0.25,1000,frozen_reference,2,760,66.054321435241761,64.899631038802937,67.275704159308106,0ddebd4915dd2e264e24b7b25047d24f86c3cdf63930a1e6df77585e0b97de02
0.25,1000,frozen_reference,2,770,66.668819435380897,65.518160363922334,67.877175726956281,0ddebd4915dd2e264e24b7b25047d24f86c3cdf63930a1e6df77585e0b97de02
0.25,1000,frozen_reference,2,780,67.296052828273787,66.147233912951549,68.507984770732506,0ddebd4915dd2e264e24b7b25047d24f86c3cdf63930a1e6df77585e0b97de02
0.25,1000,frozen_reference,2,790,67.927932473387628,66.773431318963958,69.146317136284523,0ddebd4915dd2e264e24b7b25047d24f86c3cdf63930a1e6df77585e0b97de02
0.25,1000,frozen_reference,2,800,68.503558547791954,67.354924442932756,69.704521283766397,0ddebd4915dd2e264e24b7b25047d24f86c3cdf63930a1e6df77585e0b97de02
0.25,1000,frozen_reference,2,810,69.130108873184696,67.962368131439888,70.349535981780889,0ddebd4915dd2e264e24b7b25047d24f86c3cdf63930a1e6df77585e0b97de02
0.25,1000,frozen_reference,2,820,69.689985984107466,68.499795074539747,70.946295568231477,0ddebd4915dd2e264e24b7b25047d24f86c3cdf63930a1e6df77585e0b97de02
0.25,1000,frozen_reference,2,830,70.294362402093881,69.104616395882104,71.550711763386872,0ddebd4915dd2e264e24b7b25047d24f86c3cdf63930a1e6df77585e0b97de02
0.25,1000,frozen_reference,2,840,70.874250811440945,69.670469800064623,72.136312181960477,0ddebd4915dd2e264e24b7b25047d24f86c3cdf63930a1e6df77585e0b97de02
0.25,1000,frozen_reference,2,850,71.385820905409275,70.156374191219086,72.673933002297048,0ddebd4915dd2e264e24b7b25047d24f86c3cdf63930a1e6df77585e0b97de02
0.25,1000,frozen_reference,2,860,71.9479028181876,70.705542053705415,73.248505495449265,0ddebd4915dd2e264e24b7b25047d24f86c3cdf63930a1e6df77585e0b97de02
0.25,1000,frozen_reference,2,870,72.393669675649491,71.143610139046501,73.701637255304277,0ddebd4915dd2e264e24b7b25047d24f86c3cdf63930a1e6df77585e0b97de02
0.25,1000,frozen_reference,2,880,72.909716918584607,71.638659211191097,74.231798733691534,0ddebd4915dd2e264e24b7b25047d24f86c3cdf63930a1e6df77585e0b97de02
0.25,1000,frozen_reference,2,890,73.455376864660039,72.2099318164762,74.749299904699427,0ddebd4915dd2e264e24b7b25047d24f86c3cdf63930a1e6df77585e0b97de02
0.25,1000,frozen_reference,2,900,73.987849532321718,72.728816844992025,75.30349977013482,0ddebd4915dd2e264e24b7b25047d24f86c3cdf63930a1e6df77585e0b97de02
0.25,1000,frozen_reference,2,910,74.47428825251987,73.208972165656576,75.801447565186052,0ddebd4915dd2e264e24b7b25047d24f86c3cdf63930a1e6df77585e0b97de02
0.25,1000,frozen_reference,2,920,75.051834349253966,73.761077704700199,76.404057082645451,0ddebd4915dd2e264e24b7b25047d24f86c3cdf63930a1e6df77585e0b97de02
0.25,1000,frozen_reference,2,930,75.476405686016093,74.196501618985096,76.819942948646187,0ddebd4915dd2e264e24b7b25047d24f86c3cdf63930a1e6df77585e0b97de02
0.25,1000,frozen_reference,2,940,75.972041763298563,74.715677492205458,77.291487353915088,0ddebd4915dd2e264e24b7b25047d24f86c3cdf63930a1e6df77585e0b97de02
0.25,1000,frozen_reference,2,950,76.498571124418262,75.224319000794949,77.835972046956627,0ddebd4915dd2e264e24b7b25047d24f86c3cdf63930a1e6df77585e0b97de02
0.25,1000,frozen_reference,2,960,77.038127718178359,75.764678274539619,78.383557319164566,0ddebd4915dd2e264e24b7b25047d24f86c3cdf63930a1e6df77585e0b97de02
0.25,1000,frozen_reference,2,970,77.530391557207324,76.254801633468844,78.87399953535602,0ddebd4915dd2e264e24b7b25047d24f86c3cdf63930a1e6df77585e0b97de02
0.25,1000,frozen_reference,2,980,78.031870861722894,76.738600374441376,79.392365864604074,0ddebd4915dd2e264e24b7b25047d24f86c3cdf63930a1e6df77585e0b97de02
0.25,1000,frozen_reference,2,990,78.594771617886039,77.294235487055374,79.957206528838213,0ddebd4915dd2e264e24b7b25047d24f86c3cdf63930a1e6df77585e0b97de02
0.25,1000,frozen_reference,2,1000,79.094514958043462,77.778240431836309,80.475990348122991,0ddebd4915dd2e264e24b7b25047d24f86c3cdf63930a1e6df77585e0b97de02
0.25,1000,naive_current,3,1,0.20563867121313714,0.16944850707045223,0.24192099934964301,0ddebd4915dd2e264e24b7b25047d24f86c3cdf63930a1e6df77585e0b97de02
0.25,1000,naive_current,3,10,1.7796079843711079,1.7101863809512667,1.848848959004793,0ddebd4915dd2e264e24b7b25047d24f86c3cdf63930a1e6df77585e0b97de02
0.25,1000,naive_current,3,20,3.608909490463879,3.5139178107194238,3.7068998637330863,0ddebd4915dd2e264e24b7b25047d24f86c3cdf63930a1e6df77585e0b97de02
0.25,1000,naive_current,3,30,5.3718024344816486,5.2561271336962072,5.4867241642445252,0ddebd4915dd2e264e24b7b25047d24f86c3cdf63930a1e6df77585e0b97de02
0.25,1000,naive_current,3,40,6.8603160889247201,6.7163039524279666,7.0040853438170032,0ddebd4915dd2e264e24b7b25047d24f86c3cdf63930a1e6df77585e0b97de02
0.25,1000,naive_current,3,50,8.2644618330091681,8.1293234116644353,8.3976492143302615,0ddebd4915dd2e264e24b7b25047d24f86c3cdf63930a1e6df77585e0b97de02
0.25,1000,naive_current,3,60,9.5254664712243731,9.3587660391857614,9.6956099967373675,0ddebd4915dd2e264e24b7b25047d24f86c3cdf63930a1e6df77585e0b97de02
0.25,1000,naive_current,3,70,10.836646259752973,10.630509757224729,11.046246577031198,0ddebd4915dd2e264e24b7b25047d24f86c3cdf63930a1e6df77585e0b97de02
0.25,1000,naive_current,3,80,12.090207681314382,11.906963009401391,12.272253129870451,0ddebd4915dd2e264e24b7b25047d24f86c3cdf63930a1e6df77585e0b97de02
0.25,1000,naive_current,3,90,13.255702762300432,13.091350039720533,13.416069991485436,0ddebd4915dd2e264e24b7b25047d24f86c3cdf63930a1e6df77585e0b97de02
0.25,1000,naive_current,3,100,14.522598336504968,14.327342880240112,14.716650864232768,0ddebd4915dd2e264e24b7b25047d24f86c3cdf63930a1e6df77585e0b97de02
0.25,1000,naive_current,3,110,15.694087728294845,15.489007790732416,15.903792844852886,0ddebd4915dd2e264e24b7b25047d24f86c3cdf63930a1e6df77585e0b97de02
0.25,1000,naive_current,3,120,16.855570977934484,16.635346917858104,17.089211905679008,0ddebd4915dd2e264e24b7b25047d24f86c3cdf63930a1e6df77585e0b97de02
0.25,1000,naive_current,3,130,17.956072936630502,17.70301004878953,18.221844260661541,0ddebd4915dd2e264e24b7b25047d24f86c3cdf63930a1e6df77585e0b97de02
0.25,1000,naive_current,3,140,18.984709290071788,18.690585937454799,19.29594720620414,0ddebd4915dd2e264e24b7b25047d24f86c3cdf63930a1e6df77585e0b97de02
0.25,1000,naive_current,3,150,20.058216314471636,19.754117737734791,20.380870028976148,0ddebd4915dd2e264e24b7b25047d24f86c3cdf63930a1e6df77585e0b97de02
0.25,1000,naive_current,3,160,21.115148195744709,20.80794160727211,21.43508034476584,0ddebd4915dd2e264e24b7b25047d24f86c3cdf63930a1e6df77585e0b97de02
0.25,1000,naive_current,3,170,22.12277089469195,21.794760894420673,22.464656092136277,0ddebd4915dd2e264e24b7b25047d24f86c3cdf63930a1e6df77585e0b97de02
0.25,1000,naive_current,3,180,23.205433731712287,22.835837137508644,23.593016294270573,0ddebd4915dd2e264e24b7b25047d24f86c3cdf63930a1e6df77585e0b97de02
0.25,1000,naive_current,3,190,24.181460961118937,23.791704358380432,24.587985554611482,0ddebd4915dd2e264e24b7b25047d24f86c3cdf63930a1e6df77585e0b97de02
0.25,1000,naive_current,3,200,25.18643599041188,24.794261361162238,25.588231319535982,0ddebd4915dd2e264e24b7b25047d24f86c3cdf63930a1e6df77585e0b97de02
0.25,1000,naive_current,3,210,26.02638755359062,25.612412492553837,26.457550350412657,0ddebd4915dd2e264e24b7b25047d24f86c3cdf63930a1e6df77585e0b97de02
0.25,1000,naive_current,3,220,26.92481220049881,26.467825230083708,27.403611288871172,0ddebd4915dd2e264e24b7b25047d24f86c3cdf63930a1e6df77585e0b97de02
0.25,1000,naive_current,3,230,27.878928346245921,27.420501559188821,28.368464269740489,0ddebd4915dd2e264e24b7b25047d24f86c3cdf63930a1e6df77585e0b97de02
0.25,1000,naive_current,3,240,28.745617870074977,28.247688271122627,29.280786818780037,0ddebd4915dd2e264e24b7b25047d24f86c3cdf63930a1e6df77585e0b97de02
0.25,1000,naive_current,3,250,29.685520470001784,29.149784106903009,30.263907071522691,0ddebd4915dd2e264e24b7b25047d24f86c3cdf63930a1e6df77585e0b97de02
0.25,1000,naive_current,3,260,30.58266092537745,30.008592236069752,31.192145949040945,0ddebd4915dd2e264e24b7b25047d24f86c3cdf63930a1e6df77585e0b97de02
0.25,1000,naive_current,3,270,31.438192741157067,30.839380859048564,32.077462401319615,0ddebd4915dd2e264e24b7b25047d24f86c3cdf63930a1e6df77585e0b97de02
0.25,1000,naive_current,3,280,32.402539005376681,31.759243195988166,33.076921638550452,0ddebd4915dd2e264e24b7b25047d24f86c3cdf63930a1e6df77585e0b97de02
0.25,1000,naive_current,3,290,33.289176820686563,32.612713765481253,33.991295754293887,0ddebd4915dd2e264e24b7b25047d24f86c3cdf63930a1e6df77585e0b97de02
0.25,1000,naive_current,3,300,34.174726261272383,33.449926467472892,34.927469363079361,0ddebd4915dd2e264e24b7b25047d24f86c3cdf63930a1e6df77585e0b97de02
0.25,1000,naive_current,3,310,35.016727788469673,34.27116945963833,35.791104696877774,0ddebd4915dd2e264e24b7b25047d24f86c3cdf63930a1e6df77585e0b97de02
0.25,1000,naive_current,3,320,35.842406600135575,35.07847106891149,36.650243008640608,0ddebd4915dd2e264e24b7b25047d24f86c3cdf63930a1e6df77585e0b97de02
0.25,1000,naive_current,3,330,36.730204105390733,35.956060521835234,37.544679267077278,0ddebd4915dd2e264e24b7b25047d24f86c3cdf63930a1e6df77585e0b97de02
0.25,1000,naive_current,3,340,37.493693184384078,36.698142371157012,38.319826275996547,0ddebd4915dd2e264e24b7b25047d24f86c3cdf63930a1e6df77585e0b97de02
0.25,1000,naive_current,3,350,38.233976441162866,37.426420251101987,39.078590241359592,0ddebd4915dd2e264e24b7b25047d24f86c3cdf63930a1e6df77585e0b97de02
0.25,1000,naive_current,3,360,39.03043488142405,38.209746135482078,39.884474284850171,0ddebd4915dd2e264e24b7b25047d24f86c3cdf63930a1e6df77585e0b97de02
0.25,1000,naive_current,3,370,39.792366881394479,38.972670974586954,40.638067429799342,0ddebd4915dd2e264e24b7b25047d24f86c3cdf63930a1e6df77585e0b97de02
0.25,1000,naive_current,3,380,40.551932782381563,39.702792609861795,41.436101840387394,0ddebd4915dd2e264e24b7b25047d24f86c3cdf63930a1e6df77585e0b97de02
0.25,1000,naive_current,3,390,41.325847460183702,40.464446195760651,42.22504713561667,0ddebd4915dd2e264e24b7b25047d24f86c3cdf63930a1e6df77585e0b97de02
0.25,1000,naive_current,3,400,42.07947437873279,41.227852046000088,42.977279588804294,0ddebd4915dd2e264e24b7b25047d24f86c3cdf63930a1e6df77585e0b97de02
0.25,1000,naive_current,3,410,42.853047370127371,41.991925877336023,43.760998619156332,0ddebd4915dd2e264e24b7b25047d24f86c3cdf63930a1e6df77585e0b97de02
0.25,1000,naive_current,3,420,43.547618747852283,42.686833737788909,44.457744830743309,0ddebd4915dd2e264e24b7b25047d24f86c3cdf63930a1e6df77585e0b97de02
0.25,1000,naive_current,3,430,44.316568687019036,43.456277111339318,45.232052195838058,0ddebd4915dd2e264e24b7b25047d24f86c3cdf63930a1e6df77585e0b97de02
0.25,1000,naive_current,3,440,45.087948590045826,44.199730870471946,46.035761979727404,0ddebd4915dd2e264e24b7b25047d24f86c3cdf63930a1e6df77585e0b97de02
0.25,1000,naive_current,3,450,45.891029880907453,44.994179734216893,46.84596160749556,0ddebd4915dd2e264e24b7b25047d24f86c3cdf63930a1e6df77585e0b97de02
0.25,1000,naive_current,3,460,46.570315485739918,45.66952717273859,47.536846431840203,0ddebd4915dd2e264e24b7b25047d24f86c3cdf63930a1e6df77585e0b97de02
0.25,1000,naive_current,3,470,47.342282627069636,46.441543129931837,48.304724037563666,0ddebd4915dd2e264e24b7b25047d24f86c3cdf63930a1e6df77585e0b97de02
0.25,1000,naive_current,3,480,48.111407828234121,47.203713889252057,49.080386412047488,0ddebd4915dd2e264e24b7b25047d24f86c3cdf63930a1e6df77585e0b97de02
0.25,1000,naive_current,3,490,48.808414993078983,47.872466840533853,49.815135602322123,0ddebd4915dd2e264e24b7b25047d24f86c3cdf63930a1e6df77585e0b97de02
0.25,1000,naive_current,3,500,49.50227683271514,48.557983323315995,50.517466633876609,0ddebd4915dd2e264e24b7b25047d24f86c3cdf63930a1e6df77585e0b97de02
0.25,1000,naive_current,3,510,50.183851969003356,49.213755861527815,51.233732290426232,0ddebd4915dd2e264e24b7b25047d24f86c3cdf63930a1e6df77585e0b97de02
0.25,1000,naive_current,3,520,50.987266040794637,50.029633293021924,52.021797844667248,0ddebd4915dd2e264e24b7b25047d24f86c3cdf63930a1e6df77585e0b97de02
0.25,1000,naive_current,3,530,51.694120731554122,50.703250259028131,52.752405906358128,0ddebd4915dd2e264e24b7b25047d24f86c3cdf63930a1e6df77585e0b97de02
0.25,1000,naive_current,3,540,52.363236186814838,51.370742926715018,53.423490128122808,0ddebd4915dd2e264e24b7b25047d24f86c3cdf63930a1e6df77585e0b97de02
0.25,1000,naive_current,3,550,53.009079488479628,51.994405242801861,54.104006786508776,0ddebd4915dd2e264e24b7b25047d24f86c3cdf63930a1e6df77585e0b97de02
0.25,1000,naive_current,3,560,53.68548418317706,52.650079429281291,54.785673756996523,0ddebd4915dd2e264e24b7b25047d24f86c3cdf63930a1e6df77585e0b97de02
0.25,1000,naive_current,3,570,54.411960248984123,53.383056004226646,55.525089795580868,0ddebd4915dd2e264e24b7b25047d24f86c3cdf63930a1e6df77585e0b97de02
0.25,1000,naive_current,3,580,55.062683510008554,54.026706757773432,56.179610273454749,0ddebd4915dd2e264e24b7b25047d24f86c3cdf63930a1e6df77585e0b97de02
0.25,1000,naive_current,3,590,55.676563154013905,54.611666202035202,56.830923204899364,0ddebd4915dd2e264e24b7b25047d24f86c3cdf63930a1e6df77585e0b97de02
0.25,1000,naive_current,3,600,56.378254048361072,55.300812947956068,57.539761857646774,0ddebd4915dd2e264e24b7b25047d24f86c3cdf63930a1e6df77585e0b97de02
0.25,1000,naive_current,3,610,57.039646784845672,55.963400027015574,58.182095887289222,0ddebd4915dd2e264e24b7b25047d24f86c3cdf63930a1e6df77585e0b97de02
0.25,1000,naive_current,3,620,57.644769657532414,56.564487277433521,58.794109174650508,0ddebd4915dd2e264e24b7b25047d24f86c3cdf63930a1e6df77585e0b97de02
0.25,1000,naive_current,3,630,58.25562606770518,57.161347064862028,59.414228177153618,0ddebd4915dd2e264e24b7b25047d24f86c3cdf63930a1e6df77585e0b97de02
0.25,1000,naive_current,3,640,58.908953082261945,57.800831752693782,60.079370627469082,0ddebd4915dd2e264e24b7b25047d24f86c3cdf63930a1e6df77585e0b97de02
0.25,1000,naive_current,3,650,59.538684192441089,58.407214467042991,60.744260398653282,0ddebd4915dd2e264e24b7b25047d24f86c3cdf63930a1e6df77585e0b97de02
0.25,1000,naive_current,3,660,60.148495841700921,59.000034741601525,61.373420955319617,0ddebd4915dd2e264e24b7b25047d24f86c3cdf63930a1e6df77585e0b97de02
0.25,1000,naive_current,3,670,60.691077040261533,59.52480641801543,61.930382394495965,0ddebd4915dd2e264e24b7b25047d24f86c3cdf63930a1e6df77585e0b97de02
0.25,1000,naive_current,3,680,61.265872651457336,60.087703956299336,62.506194506555275,0ddebd4915dd2e264e24b7b25047d24f86c3cdf63930a1e6df77585e0b97de02
0.25,1000,naive_current,3,690,61.849974896201545,60.659441825716982,63.102522592542869,0ddebd4915dd2e264e24b7b25047d24f86c3cdf63930a1e6df77585e0b97de02
0.25,1000,naive_current,3,700,62.46879076150941,61.277561465929473,63.726163994284299,0ddebd4915dd2e264e24b7b25047d24f86c3cdf63930a1e6df77585e0b97de02
0.25,1000,naive_current,3,710,63.03757869509267,61.842313827951436,64.297597869779722,0ddebd4915dd2e264e24b7b25047d24f86c3cdf63930a1e6df77585e0b97de02
0.25,1000,naive_current,3,720,63.67335453281796,62.491966390105006,64.914363570491815,0ddebd4915dd2e264e24b7b25047d24f86c3cdf63930a1e6df77585e0b97de02
0.25,1000,naive_current,3,730,64.279534545308067,63.080602557647772,65.530708301798597,0ddebd4915dd2e264e24b7b25047d24f86c3cdf63930a1e6df77585e0b97de02
0.25,1000,naive_current,3,740,64.877766701274979,63.689357351964951,66.138628399517103,0ddebd4915dd2e264e24b7b25047d24f86c3cdf63930a1e6df77585e0b97de02
0.25,1000,naive_current,3,750,65.447833702262557,64.255734446570685,66.711721940167479,0ddebd4915dd2e264e24b7b25047d24f86c3cdf63930a1e6df77585e0b97de02
0.25,1000,naive_current,3,760,66.098793625250622,64.912922477037185,67.366569445044206,0ddebd4915dd2e264e24b7b25047d24f86c3cdf63930a1e6df77585e0b97de02
0.25,1000,naive_current,3,770,66.736635933101596,65.544560235059066,68.0144856363858,0ddebd4915dd2e264e24b7b25047d24f86c3cdf63930a1e6df77585e0b97de02
0.25,1000,naive_current,3,780,67.369942318016101,66.164909392543336,68.652935804654035,0ddebd4915dd2e264e24b7b25047d24f86c3cdf63930a1e6df77585e0b97de02
0.25,1000,naive_current,3,790,67.956120620948411,66.751654851241426,69.244610506429154,0ddebd4915dd2e264e24b7b25047d24f86c3cdf63930a1e6df77585e0b97de02
0.25,1000,naive_current,3,800,68.491622955110998,67.277251111273529,69.763472661926286,0ddebd4915dd2e264e24b7b25047d24f86c3cdf63930a1e6df77585e0b97de02
0.25,1000,naive_current,3,810,69.132558038092952,67.900749053114495,70.437616206602812,0ddebd4915dd2e264e24b7b25047d24f86c3cdf63930a1e6df77585e0b97de02
0.25,1000,naive_current,3,820,69.690671919592489,68.429785298600208,71.026798126998969,0ddebd4915dd2e264e24b7b25047d24f86c3cdf63930a1e6df77585e0b97de02
0.25,1000,naive_current,3,830,70.274274523837221,69.016369916548513,71.613607372801241,0ddebd4915dd2e264e24b7b25047d24f86c3cdf63930a1e6df77585e0b97de02
0.25,1000,naive_current,3,840,70.871398609638348,69.607724049836975,72.222363144164476,0ddebd4915dd2e264e24b7b25047d24f86c3cdf63930a1e6df77585e0b97de02
0.25,1000,naive_current,3,850,71.358300393942031,70.08263142173351,72.715233495018623,0ddebd4915dd2e264e24b7b25047d24f86c3cdf63930a1e6df77585e0b97de02
0.25,1000,naive_current,3,860,71.850618122810474,70.552680116843817,73.231593839918162,0ddebd4915dd2e264e24b7b25047d24f86c3cdf63930a1e6df77585e0b97de02
0.25,1000,naive_current,3,870,72.349746467401303,71.053069417970462,73.736647017369719,0ddebd4915dd2e264e24b7b25047d24f86c3cdf63930a1e6df77585e0b97de02
0.25,1000,naive_current,3,880,72.86223685802895,71.554717081787899,74.267117304993903,0ddebd4915dd2e264e24b7b25047d24f86c3cdf63930a1e6df77585e0b97de02
0.25,1000,naive_current,3,890,73.394807320216159,72.107715801545311,74.772725741260743,0ddebd4915dd2e264e24b7b25047d24f86c3cdf63930a1e6df77585e0b97de02
0.25,1000,naive_current,3,900,73.912955217155229,72.603549220114843,75.296648562586853,0ddebd4915dd2e264e24b7b25047d24f86c3cdf63930a1e6df77585e0b97de02
0.25,1000,naive_current,3,910,74.419364656328128,73.107522545752715,75.817302476451204,0ddebd4915dd2e264e24b7b25047d24f86c3cdf63930a1e6df77585e0b97de02
0.25,1000,naive_current,3,920,74.993122821704503,73.652901758036919,76.415147562393614,0ddebd4915dd2e264e24b7b25047d24f86c3cdf63930a1e6df77585e0b97de02
0.25,1000,naive_current,3,930,75.429328723951571,74.084914304664991,76.862192571856141,0ddebd4915dd2e264e24b7b25047d24f86c3cdf63930a1e6df77585e0b97de02
0.25,1000,naive_current,3,940,75.926768332712243,74.604974531307121,77.338997132386865,0ddebd4915dd2e264e24b7b25047d24f86c3cdf63930a1e6df77585e0b97de02
0.25,1000,naive_current,3,950,76.449860179232374,75.121803069365669,77.863852009668946,0ddebd4915dd2e264e24b7b25047d24f86c3cdf63930a1e6df77585e0b97de02
0.25,1000,naive_current,3,960,76.961207310428989,75.622184641492083,78.382517799987454,0ddebd4915dd2e264e24b7b25047d24f86c3cdf63930a1e6df77585e0b97de02
0.25,1000,naive_current,3,970,77.463336400967592,76.117699888341335,78.884096353488758,0ddebd4915dd2e264e24b7b25047d24f86c3cdf63930a1e6df77585e0b97de02
0.25,1000,naive_current,3,980,77.960537488114255,76.60229983698953,79.394106438195635,0ddebd4915dd2e264e24b7b25047d24f86c3cdf63930a1e6df77585e0b97de02
0.25,1000,naive_current,3,990,78.546832723615921,77.170407053187773,79.984559599034355,0ddebd4915dd2e264e24b7b25047d24f86c3cdf63930a1e6df77585e0b97de02
0.25,1000,naive_current,3,1000,79.003452448896439,77.624916831486857,80.455747165628054,0ddebd4915dd2e264e24b7b25047d24f86c3cdf63930a1e6df77585e0b97de02
